City_ID,City,Lat,Lng,Max Temp,Humidity,Cloudiness,Wind Speed,Country,Date
0,klyuchi,52.2667,79.1667,17.24,28,22,3.78,RU,1695808143
1,anadyr,64.75,177.4833,3.28,93,40,2.0,RU,1695808143
2,yantai,37.5333,121.4,21.85,71,96,3.65,CN,1695808143
3,luderitz,-26.6481,15.1594,25.14,31,0,4.36,NA,1695808132
4,hatillo,18.4863,-66.8254,27.27,93,24,1.34,PR,1695808143
5,jamestown,42.097,-79.2353,13.73,83,100,4.12,US,1695808144
6,hawaiian paradise park,19.5933,-154.9731,21.73,96,100,2.06,US,1695808144
7,jalpa de mendez,18.1333,-93.0833,25.57,95,24,1.92,MX,1695808144
8,bilibino,68.0546,166.4372,-1.29,98,100,3.13,RU,1695808144
9,palikir - national government center,6.9248,158.1611,26.41,89,100,2.06,FM,1695808144
10,ende,-8.8432,121.6623,25.74,73,95,2.04,ID,1695808144
11,madera,37.1666,-119.8343,19.49,74,1,1.25,US,1695808144
12,bredasdorp,-34.5322,20.0403,18.0,57,1,5.07,ZA,1695808144
13,bethel,41.3712,-73.414,8.85,87,20,0.0,US,1695808144
14,hami,42.8,93.45,21.5,22,3,6.13,CN,1695808144
15,port-aux-francais,-49.35,70.2167,0.98,69,87,15.92,TF,1695808145
16,albany,42.6001,-73.9662,7.72,93,7,0.89,US,1695808145
17,ribeira grande,38.5167,-28.7,22.1,78,75,4.12,PT,1695808145
18,bemidji,47.4736,-94.8803,12.87,100,0,1.54,US,1695808145
19,altus,34.6381,-99.334,20.73,68,0,3.09,US,1695808145
20,georgetown,5.4112,100.3354,31.64,72,20,5.66,MY,1695808145
21,margaret river,-33.95,115.0667,19.32,72,0,2.14,AU,1695808145
22,tieling,42.2931,123.8414,17.44,37,70,1.61,CN,1695808145
23,gamba,-2.65,10.0,27.16,75,91,3.19,GA,1695808145
24,hamilton,39.1834,-84.5333,17.22,96,0,2.57,US,1695807993
25,paita,-5.0892,-81.1144,18.43,87,13,5.88,PE,1695808146
26,happy valley-goose bay,53.3168,-60.3315,9.17,71,20,3.09,CA,1695808146
27,yellowknife,62.456,-114.3525,9.67,100,100,2.06,CA,1695808146
28,san martin de valdeiglesias,40.3623,-4.3439,27.7,42,83,2.02,ES,1695808146
29,grytviken,-54.2811,-36.5092,-1.55,78,15,2.6,GS,1695808083
30,glace bay,46.1969,-59.957,12.34,88,100,4.12,CA,1695808146
31,holualoa,19.6228,-155.9522,23.91,75,20,4.12,US,1695808146
32,ishim,56.1128,69.4902,15.38,40,37,3.75,RU,1695808146
33,adamstown,-25.066,-130.1015,20.84,68,100,7.3,PN,1695808146
34,carnarvon,-24.8667,113.6333,22.47,73,5,7.7,AU,1695808146
35,port isabel,26.0734,-97.2086,26.02,88,0,0.0,US,1695808147
36,okigwe,5.8352,7.3599,28.53,74,98,2.08,NG,1695808147
37,port hedland,-20.3167,118.5667,30.03,51,18,7.72,AU,1695808147
38,wenchang,30.904,118.4887,25.21,88,99,2.02,CN,1695807882
39,yacuiba,-22.038,-63.6797,13.68,83,100,3.44,BO,1695808147
40,kirakira,-10.4544,161.9205,26.1,84,100,6.01,SB,1695808147
41,polyarnyy,69.1989,33.4478,12.21,80,95,7.6,RU,1695808147
42,lebu,-37.6167,-73.65,6.1,84,6,2.67,CL,1695808147
43,kingston,17.997,-76.7936,27.53,85,20,2.06,JM,1695808147
44,el paujil,1.5701,-75.3286,22.37,88,8,1.19,CO,1695808147
45,tangalle,6.024,80.7911,28.09,73,100,6.46,LK,1695808148
46,ario de rosales,19.2,-101.7167,13.54,83,20,2.19,MX,1695808148
47,port mathurin,-19.6833,63.4167,22.95,73,4,8.6,MU,1695808148
48,puerto natales,-51.7236,-72.4875,2.49,98,100,2.33,CL,1695808148
49,lihue,21.9789,-159.3672,25.77,75,75,8.23,US,1695808148
50,isafjordur,66.0755,-23.124,7.02,65,75,10.8,IS,1695808148
51,waitangi,-43.9535,-176.5597,11.57,95,98,2.68,NZ,1695808148
52,acapulco de juarez,16.8634,-99.8901,26.47,86,18,1.59,MX,1695808148
53,carbonear,47.7332,-53.2148,8.57,84,81,3.32,CA,1695808148
54,tamanrasset,22.785,5.5228,31.95,10,0,7.2,DZ,1695808148
55,vilyuchinsk,52.9306,158.4028,8.15,72,54,2.65,RU,1695808149
56,papao,-17.75,-149.55,23.82,90,69,8.73,PF,1695808149
57,tual,-5.6667,132.75,25.61,87,58,8.92,ID,1695808149
58,west island,-12.1568,96.8225,26.99,78,75,6.69,CC,1695808149
59,ziniare,12.5822,-1.2983,32.62,51,2,3.49,BF,1695808149
60,vila franca do campo,37.7167,-25.4333,23.82,99,94,2.67,PT,1695808149
61,longyearbyen,78.2186,15.6401,-8.09,79,20,3.09,SJ,1695808149
62,suva,-18.1416,178.4415,22.71,94,75,2.06,FJ,1695807925
63,portoferraio,42.8115,10.3146,28.47,64,4,7.52,IT,1695808149
64,menongue,-14.6585,17.691,32.92,10,0,3.46,AO,1695808150
65,kodiak,57.79,-152.4072,8.73,49,100,4.12,US,1695808150
66,embarcacion,-23.209,-64.096,17.9,82,100,0.8,AR,1695808150
67,port elizabeth,-33.918,25.5701,17.95,61,75,8.23,ZA,1695808150
68,mount vernon,40.9126,-73.8371,13.14,75,75,5.36,US,1695808150
69,hovd,48.0056,91.6419,1.0,96,93,1.9,MN,1695808150
70,ust-nera,64.5667,143.2,4.66,93,100,3.4,RU,1695808150
71,utrik,11.2278,169.8474,28.47,72,100,3.7,MH,1695808150
72,mahina,-17.5065,-149.489,23.87,83,0,2.57,PF,1695808150
73,bishkul,54.7803,69.1033,14.19,54,75,5.0,KZ,1695808150
74,east london,-33.0153,27.9116,17.52,63,40,10.8,ZA,1695807907
75,olonkinbyen,70.9221,-8.7187,4.1,95,100,9.71,SJ,1695808151
76,keflavik,64.0049,-22.5624,9.24,93,75,6.17,IS,1695807873
77,talnakh,69.4865,88.3972,2.34,73,99,6.79,RU,1695808151
78,pangody,65.85,74.4859,3.56,85,100,4.92,RU,1695808151
79,greymouth,-42.4667,171.2,7.68,86,100,0.87,NZ,1695808151
80,mount pearl,47.5166,-52.7813,7.86,81,75,3.6,CA,1695808151
81,fairfield,41.2668,-73.3162,11.91,83,20,3.6,US,1695808151
82,la passe,45.5549,-0.8967,23.13,57,100,6.78,FR,1695808151
83,novyy urengoy,66.0833,76.6333,4.16,62,100,3.23,RU,1695808103
84,lata,40.1629,-8.3327,21.15,37,79,1.38,PT,1695808151
85,grand falls-windsor,48.9332,-55.6649,1.95,94,13,1.66,CA,1695808152
86,badger,64.8,-147.5333,1.93,86,100,0.0,US,1695808152
87,young,-32.6833,-57.6333,5.83,96,3,2.94,UY,1695808152
88,walvis bay,-22.9575,14.5053,34.53,11,0,8.23,NA,1695808152
89,chonchi,-42.6128,-73.8092,8.56,96,100,3.6,CL,1695808152
90,stanley,54.868,-1.6985,14.29,89,20,3.09,GB,1695807615
91,petropavlovsk-kamchatsky,53.0452,158.6483,7.33,66,75,1.0,RU,1695808085
92,iqaluit,63.7506,-68.5145,3.85,69,100,9.77,CA,1695808152
93,shirvan,39.9509,48.8994,27.42,23,0,2.46,AZ,1695808152
94,huaidian,33.4333,115.0333,20.75,74,89,6.22,CN,1695808153
95,whitehorse,60.7161,-135.0538,5.43,93,100,0.0,CA,1695808153
96,thompson,55.7435,-97.8558,14.09,88,20,1.54,CA,1695808153
97,minas de marcona,-15.2119,-75.1103,11.98,91,75,5.84,PE,1695808153
98,cabo san lucas,22.8909,-109.9124,29.23,79,4,1.05,MX,1695808153
99,ola,59.5833,151.2833,4.59,77,12,2.05,RU,1695808153
100,qaqortoq,60.7167,-46.0333,2.93,53,100,1.89,GL,1695808153
101,barakani,-12.1356,44.4317,26.72,67,0,4.08,KM,1695808153
102,blagoevgrad,42.0167,23.1,27.39,46,100,0.45,BG,1695808154
103,papatowai,-46.5619,169.4708,6.89,88,100,3.37,NZ,1695808154
104,blackmans bay,-43.0167,147.3167,12.07,70,100,2.8,AU,1695808154
105,thief river falls,48.1191,-96.1812,11.53,80,0,3.23,US,1695808154
106,edinburgh of the seven seas,-37.0676,-12.3116,11.93,64,38,11.54,SH,1695808154
107,tiksi,71.6872,128.8694,-1.16,66,16,7.94,RU,1695808154
108,banbury,52.0602,-1.3403,17.6,94,87,7.79,GB,1695808154
109,constantia,44.1833,28.65,26.5,56,33,10.73,RO,1695807944
110,queenstown,-31.8976,26.8753,14.68,51,17,2.27,ZA,1695808154
111,baja,46.175,18.9564,26.7,25,13,5.55,HU,1695808154
112,portland,45.5234,-122.6762,13.8,90,100,2.68,US,1695808155
113,larache,35.1932,-6.1557,24.77,65,0,1.66,MA,1695808155
114,bayeux,-7.125,-34.9322,23.35,100,20,0.0,BR,1695808155
115,taveta,-3.3963,37.6736,30.52,37,6,4.18,KE,1695808155
116,port maria,18.3685,-76.8895,27.98,98,97,3.06,JM,1695808155
117,rongelap,11.1635,166.8941,28.5,79,100,5.75,MH,1695808155
118,vorgashor,67.5833,63.95,2.35,91,100,4.38,RU,1695808155
119,balikpapan,-1.2675,116.8289,28.55,79,20,2.06,ID,1695808077
120,kosciusko,33.0576,-89.5876,18.56,81,75,1.88,US,1695808155
121,palmer,42.1584,-72.3287,8.64,78,40,0.0,US,1695808155
122,kapa'a,22.0752,-159.319,26.18,75,75,8.23,US,1695808155
123,ta`u,-14.2336,-169.5144,26.39,72,29,7.17,AS,1695808156
124,san antonio de pale,-1.4014,5.6325,24.44,86,100,4.74,GQ,1695808156
125,syanno,54.8106,29.7069,20.26,43,70,3.02,BY,1695808156
126,flying fish cove,-10.4217,105.6791,24.82,83,100,5.66,CX,1695808156
127,arafat,21.3594,39.9664,41.39,25,48,7.95,SA,1695808156
128,tsiombe,-25.3,45.4833,34.28,24,8,5.89,MG,1695808156
129,jieshi,22.8134,115.8257,28.36,81,9,7.06,CN,1695808156
130,twentynine palms,34.1356,-116.0542,24.98,15,25,1.95,US,1695808156
131,st. john's,47.5649,-52.7093,8.32,81,75,6.71,CA,1695808156
132,naha,26.2125,127.6811,31.38,74,20,7.2,JP,1695807753
133,belmonte,-15.8631,-38.8828,24.88,83,27,5.69,BR,1695808157
134,mazatlan,23.2167,-106.4167,28.28,69,100,0.89,MX,1695808157
135,conde,-7.2597,-34.9075,22.7,100,20,0.0,BR,1695808157
136,timana,1.9714,-75.9312,17.47,93,7,1.18,CO,1695808157
137,newman,37.3138,-121.0208,16.25,68,6,1.8,US,1695808157
138,wailua homesteads,22.0669,-159.378,25.44,76,75,8.23,US,1695808157
139,shenkursk,62.1091,42.896,16.06,65,94,3.24,RU,1695808157
140,margherita,27.2833,95.6833,31.78,67,11,1.17,IN,1695808157
141,yazman,29.1212,71.7446,40.1,17,1,1.49,PK,1695808157
142,hermanus,-34.4187,19.2345,17.92,59,0,5.54,ZA,1695808157
143,las khorey,11.1595,48.1967,33.08,63,11,4.25,SO,1695808158
144,san martin,-33.081,-68.4681,7.3,33,0,1.68,AR,1695808158
145,victoria point,-27.5833,153.3,22.17,81,21,1.79,AU,1695808158
146,castillos,-34.1667,-53.8333,9.3,92,99,6.04,UY,1695808158
147,trondheim,63.4305,10.3951,17.03,77,100,2.05,NO,1695807902
148,salinopolis,-0.6136,-47.3561,27.28,75,100,5.36,BR,1695808158
149,ceerigaabo,10.6162,47.368,25.12,41,74,3.95,SO,1695808158
150,remire-montjoly,4.9167,-52.2667,23.02,100,0,0.0,GF,1695808158
151,port saint john's,-31.6229,29.5448,21.34,49,65,6.84,ZA,1695808158
152,kiruna,67.8557,20.2251,9.51,76,75,2.57,SE,1695807900
153,manay,7.215,126.5397,26.74,88,88,4.54,PH,1695808159
154,tambo,-14.8,-73.9167,3.57,39,12,1.09,PE,1695808159
155,college,64.8569,-147.8028,1.97,85,75,0.0,US,1695808159
156,plettenberg bay,-34.0527,23.3716,16.9,57,11,2.56,ZA,1695808159
157,rio grande,-32.035,-52.0986,11.64,92,100,10.14,BR,1695808159
158,puerto baquerizo moreno,-0.9,-89.6,23.21,83,90,5.64,EC,1695808159
159,punta arenas,-53.15,-70.9167,-0.94,80,0,3.6,CL,1695807785
160,kuanda,56.3161,116.0806,10.26,59,8,2.04,RU,1695808159
161,uturoa,-16.7333,-151.4333,25.68,79,52,9.01,PF,1695808159
162,tazovsky,67.4667,78.7,3.58,53,72,3.21,RU,1695808085
163,beira,-19.8436,34.8389,30.05,58,40,9.39,MZ,1695808160
164,asyqata,40.8994,68.3611,29.02,18,4,3.49,KZ,1695808160
165,arraial do cabo,-22.9661,-42.0278,22.92,94,100,5.14,BR,1695808160
166,jiwani,25.05,61.7417,31.02,51,25,5.76,PK,1695808160
167,north amherst,42.4104,-72.5309,9.39,95,34,1.76,US,1695808160
168,ghat,24.9647,10.1728,31.93,18,0,0.69,LY,1695808095
169,kuytun,54.3419,101.5036,10.86,73,85,2.97,RU,1695808160
170,mount isa,-20.7333,139.5,27.87,20,2,3.09,AU,1695808160
171,fort st. john,56.2499,-120.8529,10.94,58,75,3.6,CA,1695808161
172,hobyo,5.3505,48.5268,29.16,69,29,9.55,SO,1695808161
173,nieuw amsterdam,5.8833,-55.0833,24.45,91,20,1.54,SR,1695808161
174,tweed heads,-28.1817,153.547,21.77,81,38,3.6,AU,1695808161
175,monroeville,40.4212,-79.7881,14.99,78,100,3.6,US,1695808161
176,box elder,41.5005,-112.8764,18.05,43,8,2.72,US,1695808161
177,sebastopol,44.6,33.5333,26.11,35,0,2.24,UA,1695807925
178,puerto ayora,-0.7393,-90.3518,23.64,94,77,4.47,EC,1695808161
179,kirensk,57.7853,108.1119,10.8,63,86,1.21,RU,1695808161
180,bulgan,48.8125,103.5347,5.03,85,100,1.82,MN,1695808161
181,saint-joseph,-21.3667,55.6167,26.21,64,0,6.62,RE,1695808162
182,kone,-21.0595,164.8658,18.27,73,33,2.15,NC,1695808162
183,hithadhoo,-0.6,73.0833,27.98,73,28,4.17,MV,1695808162
184,codrington,-38.2667,141.9667,9.67,89,0,3.65,AU,1695808162
185,usinsk,65.9939,57.5281,8.77,95,100,5.51,RU,1695808162
186,dikhil,11.5,42.1667,36.44,25,13,1.52,DJ,1695808162
187,margate,51.3813,1.3862,19.61,81,100,1.34,GB,1695808162
188,kavaratti,10.5669,72.642,28.2,76,84,7.06,IN,1695808162
189,avarua,-21.2078,-159.775,23.03,78,75,8.23,CK,1695808163
190,tazacorte,28.629,-17.9293,24.54,87,20,5.14,ES,1695808163
191,kayyerkan,69.3786,87.7439,2.39,64,97,7.03,RU,1695808163
192,vanimo,-2.6741,141.3028,25.18,87,100,2.1,PG,1695808163
193,ushuaia,-54.8,-68.3,-0.19,74,0,4.63,AR,1695807936
194,karyes,37.3,22.5,18.81,59,55,2.51,GR,1695808163
195,kitimat,54.0524,-128.6534,12.21,62,100,0.89,CA,1695808163
196,tofol,5.3248,163.0078,26.92,79,100,1.44,FM,1695808163
197,faya-largeau,17.9257,19.1043,40.63,6,0,5.39,TD,1695808163
198,fale old settlement,-9.3852,-171.2468,28.2,77,10,3.87,TK,1695808163
199,pizarro,4.9533,-77.366,25.51,88,60,1.19,CO,1695808163
200,bargaal,11.2864,51.0773,32.3,53,74,4.26,SO,1695808164
201,kashgar,39.4547,75.9797,25.56,19,0,4.0,CN,1695808164
202,lazaro cardenas,17.9583,-102.2,26.07,86,9,1.14,MX,1695808164
203,biltine,14.5333,20.9167,38.8,13,17,6.13,TD,1695808164
204,punta del este,-34.9667,-54.95,11.04,75,0,4.63,UY,1695808164
205,mejit,10.2753,170.8646,28.54,78,100,4.7,MH,1695808164
206,oliveira dos brejinhos,-12.3169,-42.8961,25.27,48,1,2.16,BR,1695808164
207,loen,7.7601,168.2307,28.86,80,100,4.81,MH,1695808164
208,tolanaro,-25.0319,46.9987,30.04,48,20,12.86,MG,1695808165
209,hotan,37.0997,79.9269,25.9,11,7,4.74,CN,1695808165
210,laguna,38.421,-121.4238,17.66,85,0,2.57,US,1695808165
211,balabac,7.9868,117.0645,28.26,76,39,2.96,PH,1695808165
212,santa cruz,-17.8,-63.1667,23.7,73,100,7.2,BO,1695808165
213,san patricio,28.017,-97.5169,28.24,80,1,0.89,US,1695808165
214,dabeiba,7.0017,-76.2672,24.01,97,89,0.44,CO,1695808165
215,nakonde,-9.3421,32.745,32.32,17,9,1.93,ZM,1695808165
216,morwell,-38.2333,146.4,9.17,92,0,1.9,AU,1695808165
217,punta alta,-38.8759,-62.0736,8.53,61,19,5.22,AR,1695808165
218,bubaque,11.2833,-15.8333,28.07,78,45,3.45,GW,1695808166
219,vallenar,-28.5708,-70.7581,12.3,57,0,0.53,CL,1695808166
220,aasiaat,68.7098,-52.8699,-2.8,71,100,3.84,GL,1695808166
221,tura,25.5198,90.2201,28.63,85,35,0.89,IN,1695808166
222,hasaki,35.7333,140.8333,25.16,87,72,3.38,JP,1695808166
223,dhuusamarreeb,5.535,46.3861,36.2,30,22,6.09,SO,1695808166
224,zhelezinka,53.54,75.3072,17.77,62,97,5.32,KZ,1695808166
225,vernon,50.2581,-119.2691,10.42,91,82,0.51,CA,1695808166
226,djambala,-2.5447,14.7533,29.11,56,33,1.56,CG,1695808167
227,cidreira,-30.1811,-50.2056,16.85,96,100,4.54,BR,1695808167
228,atafu village,-8.5421,-172.5159,28.16,72,28,2.77,TK,1695808167
229,rovaniemi,66.5,25.7167,11.67,93,75,5.66,FI,1695807903
230,hammerfest,70.6634,23.6821,9.25,100,75,5.14,NO,1695808167
231,kievka,50.2619,71.5514,18.11,48,88,6.48,KZ,1695808167
232,bandar-e anzali,37.4727,49.4622,24.06,59,10,3.25,IR,1695807907
233,pisco,-13.7,-76.2167,17.03,88,9,2.57,PE,1695808167
234,ad dabbah,18.05,30.95,41.28,20,13,4.44,SD,1695808167
235,coari,-4.085,-63.1414,24.58,75,11,0.85,BR,1695808167
236,bathsheba,13.2167,-59.5167,26.34,94,20,2.57,BB,1695808167
237,sao vicente,-23.9631,-46.3919,32.37,74,83,1.79,BR,1695808168
238,howrah,22.5892,88.3103,34.0,66,40,2.06,IN,1695808168
239,dubbo,-32.25,148.6167,17.07,42,100,3.6,AU,1695808168
240,sidney,-33.8679,151.2073,19.28,82,75,2.57,AU,1695808168
241,suratgarh,29.3167,73.9,37.26,19,0,3.84,IN,1695808168
242,kyabram,-36.3167,145.05,12.37,62,0,6.44,AU,1695808168
243,emerald,-23.5333,148.1667,21.3,33,2,4.29,AU,1695808168
244,isangel,-19.55,169.2667,20.72,70,85,6.04,VU,1695808168
245,ilulissat,69.2167,-51.1,1.01,44,100,3.09,GL,1695808168
246,visakhapatnam,17.69,83.2093,31.94,74,40,3.6,IN,1695808169
247,al jawf,29.5,38.75,35.77,10,0,1.28,SA,1695808169
248,montepuez,-13.1256,38.9997,30.86,32,38,3.44,MZ,1695808169
249,al ghayzah,16.2079,52.176,30.23,55,54,5.35,YE,1695808169
250,egilsstadir,65.2653,-14.3948,5.95,93,75,1.54,IS,1695808169
251,mount gambier,-37.8333,140.7667,8.44,95,2,2.12,AU,1695808169
252,dunedin,-45.8742,170.5036,7.11,93,100,0.45,NZ,1695808169
253,timbuktu,16.7735,-3.0074,38.2,23,2,5.66,ML,1695808169
254,preobrazheniye,42.9019,133.9064,16.28,89,100,0.34,RU,1695808169
255,charters towers,-20.1,146.2667,19.7,61,1,6.06,AU,1695808170
256,ouesso,1.6136,16.0517,28.24,82,94,1.81,CG,1695808170
257,znamenskoye,57.1281,73.8282,11.93,61,96,2.44,RU,1695808170
258,kochubey,44.3861,46.5825,25.19,37,0,9.55,RU,1695808170
259,invercargill,-46.4,168.35,6.12,94,76,0.45,NZ,1695808170
260,roma,43.2128,-75.4557,8.28,96,0,0.0,US,1695807867
261,callao,-12.0667,-77.15,18.73,82,100,1.54,PE,1695808170
262,ketchikan,55.3422,-131.6461,13.26,88,100,8.75,US,1695808171
263,senanga,-16.1167,23.2667,34.75,11,1,2.68,ZM,1695808171
264,banfora,10.6333,-4.7667,29.89,67,15,1.8,BF,1695808171
265,melekeok village,7.4957,134.6367,29.31,74,100,5.66,PW,1695808171
266,antsiranana,-12.2787,49.2917,28.42,54,75,8.23,MG,1695808171
267,wajir,1.7471,40.0573,31.98,43,40,4.63,KE,1695808171
268,puno,-15.8333,-70.0333,6.84,65,6,0.85,PE,1695808171
269,kiama,-34.6833,150.8667,18.65,89,93,3.13,AU,1695808171
270,hirara,24.8,125.2833,28.15,78,20,5.14,JP,1695808171
271,bad blankenburg,50.6833,11.2667,23.55,55,26,1.52,DE,1695808171
272,bocas del toro,9.3333,-82.25,26.79,79,99,1.61,PA,1695808172
273,nizhneudinsk,54.9076,99.0276,9.47,81,81,0.53,RU,1695808172
274,green cove springs,29.9919,-81.6781,24.06,95,100,0.89,US,1695808172
275,booue,-0.0921,11.9385,29.25,72,79,1.26,GA,1695808004
276,naze,28.3667,129.4833,27.51,84,7,5.42,JP,1695808172
277,dwarka,22.2394,68.9678,28.86,60,62,4.61,IN,1695808172
278,katabu,-4.9333,122.5167,25.55,62,41,2.66,ID,1695808172
279,labrador city,52.9463,-66.9114,5.95,81,0,5.14,CA,1695808172
280,vadso,70.0744,29.7487,14.49,82,75,6.17,NO,1695808172
281,brak,27.5496,14.2714,30.05,19,0,2.3,LY,1695808173
282,agat village,13.3886,144.6585,26.52,92,0,0.0,GU,1695808173
283,boa vista,2.8197,-60.6733,25.99,83,0,2.06,BR,1695807916
284,bac lieu,9.285,105.7244,27.89,78,100,4.52,VN,1695808173
285,juruti,-2.1522,-56.0922,25.33,62,5,1.82,BR,1695808173
286,san luis de la loma,17.2706,-100.8939,26.0,88,7,1.5,MX,1695808173
287,natal,-5.795,-35.2094,25.12,83,40,2.57,BR,1695808025
288,nongstoin,25.5167,91.2667,22.93,89,63,1.62,IN,1695808173
289,kimbe,-5.5502,150.1429,24.45,91,83,2.7,PG,1695808173
290,dordrecht,51.81,4.6736,19.49,89,100,0.89,NL,1695808112
291,northam,51.0333,-4.2167,17.56,91,100,10.72,GB,1695808037
292,acarau,-2.8856,-40.12,27.18,69,71,5.96,BR,1695808173
293,colares,38.7992,-9.4469,25.61,51,0,6.71,PT,1695808174
294,doaba,33.4244,70.7364,30.23,26,0,2.58,PK,1695808174
295,sinop,41.7711,34.8709,20.24,43,0,3.65,TR,1695807659
296,afaahiti,-17.75,-149.2833,22.93,90,42,6.54,PF,1695808174
297,barra de santo antonio,-9.4047,-35.5072,22.6,78,11,4.97,BR,1695808174
298,iskateley,67.6803,53.1512,5.76,78,100,1.55,RU,1695808174
299,porto novo,6.4965,2.6036,27.9,67,100,2.48,BJ,1695808174
300,izhmorskiy,56.194,86.6414,11.48,53,33,3.37,RU,1695808174
301,sitka,57.0531,-135.33,13.94,72,100,4.63,US,1695808174
302,astara,38.5,48.6667,22.99,46,0,3.56,AZ,1695808174
303,nola,40.922,14.5329,28.13,69,0,2.16,IT,1695807973
304,mana,5.6592,-53.7767,24.86,91,60,2.74,GF,1695808175
305,okhotsk,59.3833,143.3,5.9,66,36,2.29,RU,1695808175
306,mrakovo,52.7161,56.6244,17.6,46,97,2.55,RU,1695808175
307,vozhega,60.4725,40.2213,15.08,65,99,2.89,RU,1695808175
308,caburan,5.9181,125.6411,27.39,79,94,4.67,PH,1695808175
309,kabansk,52.0486,106.6528,7.66,92,100,2.63,RU,1695808175
310,severo-yeniseyskiy,60.3725,93.0408,7.96,66,6,4.77,RU,1695807915
311,alofi,-19.0595,-169.9187,21.94,83,33,3.6,NU,1695808175
312,kani keli,-12.9536,45.1033,29.59,69,5,3.07,YT,1695808175
313,matanzas,23.0411,-81.5775,25.42,94,40,2.06,CU,1695808175
314,olyokminsk,60.3736,120.4264,10.18,65,100,2.1,RU,1695807976
315,sao felix do xingu,-6.6447,-51.995,26.02,64,42,1.09,BR,1695808176
316,new norfolk,-42.7826,147.0587,12.72,75,100,2.19,AU,1695808176
317,hadibu,12.65,54.0333,28.08,76,98,4.03,YE,1695808176
318,sidi slimane,34.2648,-5.926,28.12,48,0,1.27,MA,1695808176
319,ingeniero guillermo n. juarez,-23.9,-61.85,16.65,56,100,5.57,AR,1695808176
320,amlapura,-8.45,115.6167,25.61,79,84,3.79,ID,1695808176
321,yanam,16.7333,82.2167,31.85,65,40,2.26,IN,1695808176
322,abepura,-2.6333,140.5833,26.45,74,40,0.0,ID,1695808176
323,lamesa,32.7376,-101.951,19.18,58,100,2.68,US,1695808176
324,berdigestyakh,62.0989,126.6992,5.97,82,99,1.74,RU,1695808176
325,port lincoln,-34.7333,135.8667,12.8,76,0,4.43,AU,1695808176
326,tabou,4.423,-7.3528,28.05,76,12,1.35,CI,1695808177
327,pemangkat,1.1667,108.9667,28.33,73,84,3.81,ID,1695808177
328,kidal,18.4411,1.4078,39.78,7,3,7.62,ML,1695808177
329,brixham,50.3943,-3.5159,17.97,92,93,3.58,GB,1695808146
330,namibe,-15.1961,12.1522,22.91,70,13,4.6,AO,1695808177
331,saldanha,-33.0117,17.9442,22.03,59,1,2.61,ZA,1695808177
332,grand rapids,42.9634,-85.6681,16.47,93,100,2.24,US,1695808177
333,boyes hot springs,38.3138,-122.4819,16.25,89,0,1.79,US,1695808177
334,arar,30.9753,41.0381,38.01,7,0,0.0,SA,1695808023
335,sinabang,2.4803,96.3801,27.6,73,90,3.41,ID,1695808177
336,shache,38.4167,77.2406,25.59,11,87,3.25,CN,1695808178
337,zag,46.9441,99.165,4.76,72,79,6.23,MN,1695808178
338,corumba,-19.0092,-57.6533,24.13,72,17,3.55,BR,1695808178
339,turpan,42.9333,89.1667,27.26,20,0,3.09,CN,1695807921
340,altamira,-3.2033,-52.2064,24.56,80,22,1.71,BR,1695808020
341,rengasdengklok,-6.1592,107.2981,33.07,54,3,5.99,ID,1695808178
342,ciudad lazaro cardenas,17.9583,-102.2,26.07,86,9,1.14,MX,1695808178
343,magadan,59.5667,150.8,4.35,82,12,2.33,RU,1695808178
344,island harbour,50.724,-1.2758,20.1,90,100,5.36,GB,1695808178
345,eskisehir,39.7767,30.5206,24.93,35,40,4.63,TR,1695808074
346,birjand,32.8663,59.2211,28.26,10,20,4.12,IR,1695808178
347,zaozersk,69.4005,32.4476,11.81,82,94,8.01,RU,1695808178
348,saint-pierre,-21.3393,55.4781,26.82,57,0,12.86,RE,1695808179
349,lompoc,34.6391,-120.4579,17.55,86,0,10.28,US,1695808179
350,west bay,19.3667,-81.4167,28.33,89,98,0.89,KY,1695808179
351,chaykovskiy,56.7686,54.1148,15.43,50,100,3.76,RU,1695808179
352,muang xay,20.7,101.9833,23.06,94,100,1.09,LA,1695808179
353,richards bay,-28.783,32.0377,21.91,51,47,4.62,ZA,1695807522
354,las heras,-46.5419,-68.9359,6.75,67,100,10.56,AR,1695808179
355,batala,31.8186,75.2028,32.88,23,0,4.36,IN,1695808179
356,guerrero negro,27.9769,-114.0611,19.14,88,23,4.68,MX,1695808179
357,pulsano,40.3821,17.3564,28.79,51,0,6.17,IT,1695808179
358,leava,-14.3,-178.1667,26.86,81,87,7.35,WF,1695808180
359,dampit,-8.2116,112.7493,24.33,69,91,2.53,ID,1695808180
360,al kharijah,25.4514,30.5464,39.16,9,2,4.35,EG,1695808180
361,baiyin,36.5583,104.2081,16.53,47,16,3.46,CN,1695808180
362,ondjiva,-17.0667,15.7333,28.02,13,0,5.66,AO,1695808180
363,onguday,50.75,86.15,9.37,54,8,0.69,RU,1695808180
364,almeirim,-1.5233,-52.5817,24.73,88,70,1.87,BR,1695808180
365,cabedelo,-6.9811,-34.8339,23.37,70,97,5.3,BR,1695808180
366,dudinka,69.4058,86.1778,2.57,61,54,6.33,RU,1695808180
367,sandnessjoen,66.0217,12.6316,16.06,55,0,5.66,NO,1695807963
368,el bauga,18.262,33.9081,39.86,23,52,4.68,SD,1695808180
369,madzhalis,42.1217,47.8333,23.79,33,0,5.17,RU,1695808181
370,sarandi del yi,-33.35,-55.6333,5.49,97,11,3.38,UY,1695808181
371,shingu,33.7333,135.9833,24.86,85,0,1.29,JP,1695808181
372,tralee,52.2704,-9.7026,16.14,82,100,15.43,IE,1695808181
373,strezhevoy,60.7333,77.5889,8.87,91,87,4.47,RU,1695808181
374,kamyzyak,46.11,48.0736,28.99,26,20,6.0,RU,1695808181
375,kirgiz-miyaki,53.6324,54.7979,17.32,48,100,3.24,RU,1695808181
376,kenora,49.8167,-94.4337,11.54,93,0,3.09,CA,1695808181
377,clodomira,-27.5744,-64.1311,10.22,69,39,2.46,AR,1695808181
378,gemena,3.25,19.7667,24.38,90,100,2.49,CD,1695808181
379,nizhniy kuranakh,58.8353,125.4869,6.97,76,0,0.65,RU,1695808182
380,haiku-pauwela,20.9219,-156.3051,24.47,75,20,6.17,US,1695808182
381,changyon,38.2508,125.0961,19.41,93,64,1.84,KP,1695808182
382,catio,11.2833,-15.25,29.2,77,77,1.99,GW,1695808182
383,ust'-kulom,61.6864,53.6902,12.73,75,100,4.06,RU,1695808182
384,lionel town,17.8101,-77.2406,27.94,89,83,2.14,JM,1695808182
385,monrovia,6.3005,-10.7969,28.87,77,5,1.36,LR,1695808124
386,kita,13.0349,-9.4895,31.39,52,99,1.04,ML,1695808182
387,nadym,65.5333,72.5167,7.48,75,100,6.17,RU,1695808074
388,nova sintra,14.8667,-24.7167,23.5,78,87,7.26,CV,1695808182
389,raton,36.9034,-104.4391,10.19,66,0,1.54,US,1695808182
390,novoishimskiy,53.1981,66.7694,16.52,43,30,4.09,KZ,1695808183
391,udachny,66.4167,112.4,3.03,80,100,9.14,RU,1695808183
392,nar'yan-mar,67.6713,53.087,5.78,78,100,1.54,RU,1695808183
393,taulaga,-11.0553,-171.0883,27.25,84,26,8.42,AS,1695808183
394,ivdel',60.6911,60.4206,13.31,68,100,4.05,RU,1695808183
395,kattivakkam,13.2167,80.3167,35.05,77,47,5.71,IN,1695808183
396,geraldton,-28.7667,114.6,31.23,25,57,4.12,AU,1695808183
397,las varas,21.1667,-105.1667,27.69,89,100,1.15,MX,1695808184
398,mao,39.8885,4.2658,25.31,50,0,1.54,ES,1695808155
399,boyolangu,-8.1181,111.8935,25.46,73,74,3.95,ID,1695808184
400,manokwari,-0.8667,134.0833,26.83,82,98,0.34,ID,1695808184
401,tidjikja,18.5564,-11.4271,34.06,29,100,4.79,MR,1695808184
402,borogontsy,62.6683,131.1683,6.31,91,98,0.69,RU,1695808184
403,auburn,47.3073,-122.2284,13.46,92,100,0.89,US,1695808184
404,gulf breeze,30.3571,-87.1639,24.97,90,100,3.6,US,1695808184
405,chibougamau,49.9168,-74.3659,2.79,93,20,0.0,CA,1695808184
406,muisne,0.6,-80.0333,24.6,85,100,3.91,EC,1695808184
407,kalat,29.0225,66.5916,24.13,6,0,6.87,PK,1695808185
408,verkhov'ye,52.8119,37.2425,20.69,44,12,1.6,RU,1695808185
409,pontianak,-0.0333,109.3333,31.99,51,40,2.57,ID,1695808185
410,basco,20.4487,121.9702,29.23,75,8,7.29,PH,1695808185
411,marsh harbour,26.5412,-77.0636,28.0,76,100,5.56,BS,1695808185
412,belyy yar,53.6039,91.3903,11.94,50,0,0.0,RU,1695808148
413,parambu,-6.2111,-40.6944,23.27,72,37,4.76,BR,1695808185
414,menomonie,44.8755,-91.9193,16.57,95,43,3.55,US,1695808185
415,vila velha,-20.3297,-40.2925,24.41,88,20,7.2,BR,1695808185
416,kruisfontein,-34.0033,24.7314,16.6,54,33,4.97,ZA,1695808186
417,ingeniero jacobacci,-41.3427,-69.5448,4.3,61,100,7.92,AR,1695808186
418,jinka,5.65,36.65,26.13,48,51,1.12,ET,1695808186
419,zayed city,24.3768,54.589,41.08,15,0,5.66,AE,1695808186
420,pandan,14.0453,124.1694,27.5,79,4,2.08,PH,1695808186
421,tanjung sepat,2.6579,101.5629,33.25,62,40,2.57,MY,1695808186
422,tomatlan,19.9333,-105.25,24.77,95,77,1.1,MX,1695808186
423,coquimbo,-29.9533,-71.3436,9.85,87,0,2.06,CL,1695808186
424,ilam,26.9167,87.9167,24.43,84,90,1.46,NP,1695808187
425,hilo,19.7297,-155.09,22.93,96,100,2.06,US,1695808187
426,dapa,9.7594,126.0531,28.89,74,39,6.59,PH,1695808187
427,cerritos,33.8583,-118.0648,21.72,83,0,0.0,US,1695808187
428,kailua-kona,19.6406,-155.9956,25.98,75,20,4.12,US,1695808187
429,heroica caborca,30.7167,-112.15,26.54,27,0,0.67,MX,1695808187
430,alice springs,-23.7,133.8833,27.75,16,2,4.63,AU,1695808021
431,sisimiut,66.9395,-53.6735,0.63,95,100,5.14,GL,1695808187
432,touros,-5.1989,-35.4608,25.66,69,83,5.7,BR,1695808181
433,bilajer,40.5681,50.0378,24.9,61,0,5.14,AZ,1695808187
434,kamphaeng phet,16.25,99.5,24.24,94,100,1.36,TH,1695808188
435,jakhal,29.8,75.8333,36.17,23,0,3.87,IN,1695808188
436,key west,24.5557,-81.7826,29.0,86,20,6.17,US,1695808188
437,yatou,37.15,122.3833,20.92,80,73,1.72,CN,1695808188
438,cockburn town,21.4612,-71.1419,28.73,76,8,5.96,TC,1695808188
439,santa maria de cayon,43.3079,-3.8756,27.19,50,0,4.63,ES,1695808188
440,pahrump,36.2083,-115.9839,17.03,16,2,1.65,US,1695808188
441,zarichne,51.8126,26.129,22.77,45,5,2.76,UA,1695808188
442,kosong,38.3788,128.4676,20.27,91,77,1.41,KR,1695808188
443,harper,4.375,-7.7169,27.85,78,18,2.04,LR,1695808188
444,san julian,21.0167,-102.1667,10.38,79,85,0.91,MX,1695808189
445,piacabucu,-10.4056,-36.4344,24.7,77,14,4.75,BR,1695808189
446,grand-lahou,5.1367,-5.0242,28.7,71,53,0.79,CI,1695808189
447,brisas de zicatela,15.8369,-97.0419,25.86,82,11,2.17,MX,1695808189
448,brookings,44.3114,-96.7984,15.25,98,75,2.06,US,1695808189
449,naifaru,5.4444,73.3657,27.07,82,99,9.93,MV,1695808189
450,praia da vitoria,38.7333,-27.0667,20.98,83,40,6.09,PT,1695808189
451,fort mcmurray,56.7268,-111.381,10.73,87,0,2.57,CA,1695808138
452,kavieng,-2.5744,150.7967,26.2,84,100,2.47,PG,1695808189
453,rio preto da eva,-2.6994,-59.6997,24.5,61,5,1.53,BR,1695808189
454,kedrovyy,56.1667,91.8167,12.23,64,95,0.89,RU,1695808189
455,vavoua,7.3819,-6.4778,27.65,75,51,1.25,CI,1695808190
456,darwin,-12.4611,130.8418,28.99,54,0,2.06,AU,1695808190
457,kolonia,50.9333,6.95,22.68,69,0,4.63,DE,1695807997
458,turkmenbasy,40.0222,52.9552,29.43,16,0,3.09,TM,1695808190
459,shetpe,44.1667,52.1167,24.29,28,0,4.73,KZ,1695808190
460,ashchysay,43.5542,68.8889,21.16,23,0,0.28,KZ,1695808190
461,bereket,39.2446,55.5154,27.88,19,49,2.72,TM,1695808190
462,kaba,47.35,21.2833,25.12,22,1,5.16,HU,1695808190
463,el calafate,-50.3408,-72.2768,3.67,89,100,0.64,AR,1695808191
464,antofagasta,-23.65,-70.4,14.6,84,45,2.68,CL,1695808191
465,kikvidze,50.7416,43.0518,25.32,31,33,0.46,RU,1695808191
466,syas'stroy,60.1367,32.5691,15.79,64,60,3.03,RU,1695808191
467,lander,42.833,-108.7307,13.45,38,0,2.06,US,1695808191
468,tindouf,27.6711,-8.1474,28.25,26,0,2.57,DZ,1695808191
469,mauganj,24.6833,81.8833,31.32,57,85,1.44,IN,1695808191
470,aleg,17.0481,-13.9209,32.38,45,100,3.91,MR,1695808191
471,taksimo,56.3444,114.8794,11.11,57,17,1.82,RU,1695808191
472,maragogi,-9.0122,-35.2225,25.52,73,14,5.04,BR,1695808191
473,ca mau,9.1769,105.15,27.35,80,100,2.9,VN,1695808191
474,susuman,62.7833,148.1667,-1.18,87,45,2.28,RU,1695808162
475,al khawr,25.7667,51.3167,40.04,20,0,0.56,QA,1695808192
476,saipan,15.1355,145.701,28.39,89,40,3.6,MP,1695808192
477,floro,61.5996,5.0328,13.98,88,75,7.2,NO,1695808166
478,kaseda-shirakame,31.4167,130.3167,25.81,83,2,3.61,JP,1695808192
479,mata-utu,-13.2816,-176.1745,27.19,82,46,7.23,WF,1695808192
480,constitucion,-35.3333,-72.4167,6.53,75,8,2.7,CL,1695807923
481,polur,12.5,79.1333,34.12,44,76,4.16,IN,1695808192
482,nova vicosa,-17.8919,-39.3719,24.51,78,96,6.48,BR,1695808193
483,aginskoye,51.1,114.53,10.93,53,74,2.0,RU,1695808193
484,kloulklubed,7.0419,134.2556,29.28,78,100,9.31,PW,1695808193
485,bakanas,44.8081,76.2772,23.39,29,3,4.35,KZ,1695808193
486,freeport,40.6576,-73.5832,13.34,82,75,4.63,US,1695808111
487,mahajanga,-15.7167,46.3167,34.01,36,40,6.17,MG,1695808193
488,kamyaran,34.7956,46.9355,27.23,16,0,1.37,IR,1695807911
489,thomson,33.4707,-82.5046,21.01,89,100,3.09,US,1695808193
490,duong dong,10.2167,103.9667,27.0,89,40,1.03,VN,1695808193
491,andergrove,-21.0833,149.1833,19.8,70,0,4.32,AU,1695808193
492,puerto santa,-8.9906,-78.6456,17.94,87,100,2.06,PE,1695808193
493,enshi,30.3,109.4833,25.66,85,31,0.57,CN,1695808008
494,chabahar,25.2919,60.643,30.1,50,1,5.41,IR,1695808194
495,wanning,18.8003,110.3967,27.26,88,100,2.77,CN,1695808194
496,ancud,-41.8697,-73.8203,9.36,90,100,8.43,CL,1695808194
497,pianiga,45.4575,12.0281,28.33,43,0,3.6,IT,1695808194
498,yuzhno-kurilsk,44.0306,145.8556,14.78,90,12,1.93,RU,1695808194
499,sao joao da barra,-21.6403,-41.0511,25.05,81,97,4.26,BR,1695808194
500,muborak,39.2553,65.1528,28.1,15,93,3.75,UZ,1695808194
501,daru,-9.0763,143.2092,24.97,84,100,7.24,PG,1695808194
502,beli,7.8587,10.9719,32.61,61,99,0.85,NG,1695807964
503,qamdo,31.1667,97.2333,14.85,35,38,2.96,CN,1695808194
504,enewetak,11.3474,162.3373,29.03,75,84,5.2,MH,1695808195
505,lewistown,40.5992,-77.5714,14.37,94,0,1.54,US,1695808195
506,vuktyl,63.8567,57.3094,11.69,80,100,4.82,RU,1695808195
507,semey,50.4111,80.2275,17.12,36,0,4.0,KZ,1695808195
508,nhamunda,-2.1861,-56.7131,24.42,60,4,1.29,BR,1695808195
509,le port,-20.9373,55.2919,27.98,83,13,1.22,RE,1695808195
510,cranbrook,49.4999,-115.7688,7.91,81,75,3.6,CA,1695808195
511,howard springs,-12.497,131.047,28.95,45,22,1.65,AU,1695808195
512,uray,60.1247,64.7758,12.71,71,100,3.58,RU,1695808195
513,colonia,50.9333,6.95,22.68,69,0,4.63,DE,1695808195
514,williston,48.147,-103.618,13.41,84,4,0.89,US,1695808196
515,lodwar,3.1191,35.5973,35.3,29,41,6.41,KE,1695808196
516,tabuk,17.4189,121.4443,25.38,90,66,2.68,PH,1695807599
517,jampur,29.6441,70.5954,41.23,14,0,2.06,PK,1695808196
518,pont rouge,48.8833,-72.0825,6.16,78,35,1.13,CA,1695808196
519,guiyang,26.5833,106.7167,26.27,57,75,5.0,CN,1695808196
520,aitape,-3.1374,142.3475,25.8,86,100,1.71,PG,1695808196
521,leh,34.1667,77.5833,13.37,9,0,2.37,IN,1695808196
522,nouadhibou,20.931,-17.0347,23.99,69,100,10.8,MR,1695808196
523,atasu,48.6814,71.6433,19.22,44,74,3.93,KZ,1695808196
524,cinisi,38.1562,13.1073,25.86,69,20,6.17,IT,1695808197
525,la quiaca,-22.1024,-65.593,8.92,83,40,4.96,AR,1695808197
526,ambodifotatra,-16.9833,49.85,27.03,69,75,4.12,MG,1695808197
527,caconda,-13.7333,15.0667,30.56,15,0,2.69,AO,1695808197
528,kilinochchi,9.3961,80.3982,32.48,53,34,7.02,LK,1695808197
529,lensk,60.7253,114.9278,7.72,56,100,2.34,RU,1695808197
530,letlhakane,-21.4167,25.5833,29.64,13,0,1.57,BW,1695808197
531,kharkhorin,47.1975,102.8238,7.92,43,52,4.85,MN,1695808197
532,kazerun,29.6195,51.6541,35.04,15,0,5.24,IR,1695808197
533,san juan de los morros,9.9115,-67.3538,22.3,91,36,1.39,VE,1695808198
534,san felipe,10.3399,-68.7425,23.54,96,75,0.99,VE,1695808198
535,urucara,-2.5364,-57.76,24.42,46,7,1.63,BR,1695808198
536,kristiansund,63.1115,7.732,14.03,94,75,0.0,NO,1695808198
537,qoryooley,1.7878,44.53,32.46,49,13,8.29,SO,1695808198
538,amherst,41.3978,-82.2224,16.4,86,100,2.06,US,1695808198
539,vavatenina,-17.4667,49.2,24.16,72,81,2.89,MG,1695808198
540,nabire,-3.3667,135.4833,26.37,84,99,0.97,ID,1695808198
541,balkanabat,39.5108,54.3671,28.54,19,19,2.16,TM,1695808198
542,katsuura,35.1333,140.3,25.12,86,20,2.08,JP,1695808199
543,thurso,58.5927,-3.5259,13.81,72,33,3.46,GB,1695808199
544,gadzhiyevo,69.2551,33.3362,12.35,79,97,8.02,RU,1695808199
545,cannonvale,-20.2833,148.7,21.66,69,1,6.26,AU,1695808199
546,tlacotepec,20.0667,-97.8667,15.99,81,53,2.55,MX,1695808199
547,mogocha,53.7333,119.7667,7.99,80,100,2.7,RU,1695808199
548,pathein,16.7833,94.7333,28.51,84,100,3.53,MM,1695808199
549,tefe,-3.3542,-64.7114,23.16,95,6,0.6,BR,1695808199
550,mponela,-13.5319,33.7401,29.02,28,0,4.94,MW,1695808199
551,shakawe,-18.3667,21.85,30.42,13,0,2.66,BW,1695808199
552,sur,22.5667,59.5289,31.57,34,45,3.3,OM,1695807915
553,petrovskaya,45.4314,37.955,28.76,18,0,9.98,RU,1695808199
554,micheweni,-4.9667,39.8333,28.67,63,36,2.83,TZ,1695808200
555,road town,18.4167,-64.6167,28.05,79,13,7.55,VG,1695808200
556,leticia,-4.2153,-69.9406,23.03,100,0,0.0,CO,1695808200
557,ponta delgada,37.7333,-25.6667,23.99,83,20,2.06,PT,1695807953
558,shanting,35.0753,117.4578,19.23,80,95,2.61,CN,1695808200
559,qaisumah,28.3112,46.1273,39.98,9,0,2.57,SA,1695808200
560,karoi,-16.8099,29.6925,30.84,21,100,3.6,ZW,1695808200
561,caleta de carquin,-11.0925,-77.6267,17.72,88,96,2.14,PE,1695808200
562,wynyard,-41.0,145.7167,11.61,75,64,4.84,AU,1695808200
563,bayan,46.0833,127.4,12.76,56,45,3.66,CN,1695808200
564,mo i rana,66.3128,14.1428,13.26,89,75,2.24,NO,1695808200
565,midvagur,62.0511,-7.1939,11.46,87,20,3.09,FO,1695808201
566,valday,57.9747,33.2525,17.75,47,83,2.06,RU,1695808201
567,warman,52.3168,-106.5679,14.95,58,40,3.09,CA,1695808201
568,chui,-33.6971,-53.4616,10.19,92,100,5.85,UY,1695808201
